"Rank","Color","Count","WeightedCount","LikelihoodTop32","TopProperties"
"1","#CCCCCC","129","135","1","color(11), background-color(8), background(6)"
"2","#FFFFFF","99","105.65","1","color(13), background(2), background-color(2)"
"3","#808080","98","103.2","1","color(15), background-color(2), background(1)"
"4","#00669E","80","82.75","1","background(5), color(3)"
"5","#000000","65","70.75","1","color(8)"
"6","#99CC00","62","62.65","1","background(1)"
"7","#666666","50","54","1","background(3), color(3), background-color(2)"
"8","#333333","40","45.46","1","color(11), background-color(10)"
"9","#3399FF","39","39.15","1","color(1)"
"10","#DADADA","33","35.7","1","background(11), color(2)"
"11","#FAFAFA","31","31.75","1","background(5)"
"12","#00AA00","24","25.15","0.997","background(3), color(3), border-color(1)"
"13","#F0F0F0","24","24.55","0.996","background(2), color(1), background-color(1)"
"14","#EAEAEA","21","21.98","0.982","background(3), color(1)"
"15","#E8F1F6","21","21.6","0.978",""
"16","#058DC7","19","21.4","0.975",""
"17","#6AF9C4","19","21.4","0.975",""
"18","#FF9655","19","21.4","0.975",""
"19","#ED561B","19","21.4","0.975",""
"20","#24CBE5","19","21.4","0.975",""
"21","#CC0000","19","20.15","0.948","color(4), background(3), background-color(1)"
"22","#222222","17","20.13","0.947","background(1), color(1)"
"23","#DDDF00","17","19.4","0.92",""
"24","#64E572","17","19.4","0.92",""
"25","#50B432","17","19.4","0.92",""
"26","#FFF263","17","19.4","0.92",""
"27","#444444","15","17.66","0.799","background(1)"
"28","#AAAAAA","16","17.32","0.764","color(3)"
"29","#D1E3ED","17","17.2","0.75",""
"30","#E8C01C","13","16.28","0.631","color(8), background-color(2), border-color(1)"
"31","#EEEEEE","15","15.65","0.538","background-color(1), color(1)"
"32","#3366CC","13","15.4","0.5",""
"33","#0011CC","13","15.4","0.5",""
"34","#F5F5F5","12","13.2","0.207",""
"35","#1A73E8","11","12.65","0.158","color(7), background-color(5)"
"36","#2EBFD5","10","12.65","0.158","color(9), background-color(1)"
"37","#FF0000","12","12.45","0.142","color(2)"
"38","#FFFFCC","12","12.35","0.135","background-color(1), color(1)"
"39","#0000FF","12","12.25","0.128","color(1)"
"40","#999999","11","11.1","0.068",""
"41","#646464","8","10.12","0.038","color(8), background-color(2)"
"42","#AA0000","8","8.2","0.012",""
"43","#C2D7EF","8","8.1","0.012",""
"44","#D1D1D1","7","8.06","0.011","color(4)"
"45","#F0F8FF","8","8","0.011",""
"46","#86C743","7","7.94","0.011","color(4), background-color(1)"
"47","#DFDFDF","7","7.7","0.009",""
"48","#DFEFFF","7","7.1","0.006",""
"49","#F2F7FC","7","7.1","0.006",""
"50","#F2F9FF","7","7","0.006",""
"51","#CCEECC","6","6.45","0.004","background-color(3), color(3)"
"52","#F0567E","5","6.32","0.004","color(4)"
"53","#F9F9F9","6","6","0.003",""
"54","#FFCCCC","5","5.83","0.003","color(4), background-color(2)"
"55","#16C560","5","5.75","0.003","color(3), background-color(1)"
"56","#CDCDCD","5","5.6","0.003",""
"57","#E6F0F5","5","5.3","0.002",""
"58","#AFAFAF","4","5.06","0.002","color(4)"
"59","#E8B71D","5","5","0.002",""
"60","#1DE840","5","5","0.002",""
"61","#2B1DE8","5","5","0.002",""
"62","#E3E81D","5","5","0.002",""
"63","#E81D1D","5","5","0.002",""
"64","#DD00F3","5","5","0.002",""
"65","#DDDDDD","5","5","0.002",""
"66","#1DDDE8","5","5","0.002",""
"67","#F7F7F7","5","5","0.002",""
"68","#FF2400","5","5","0.002",""
"69","#006AA6","5","5","0.002",""
"70","#555555","4","4.83","0.002","color(4), background-color(2)"
"71","#26BEC8","4","4.8","0.002","color(2)"
"72","#F05151","4","4.45","0.001","color(2)"
"73","#F2F7FA","4","4.3","0.001",""
"74","#BBBBBB","4","4.2","0.001",""
"75","#F3F3F3","4","4.1","0.001",""
"76","#E74C3C","4","4","0.001",""
"77","#E5E5E5","4","4","0.001",""
"78","#C24700","3","3.45","0.001","color(2)"
"79","#EB5757","3","3.45","0.001","color(2), background-color(1)"
"80","#2980B9","3","3.4","0.001","color(1)"
"81","#FFBABA","3","3.3","0.001","background-color(2), color(2)"
"82","#DCDCDC","3","3.15","0.001","background-color(1), color(1)"
"83","#E4ECFF","3","3.1","0.001",""
"84","#4C94BB","3","3","0.001",""
"85","#F6F6F6","3","3","0.001",""
"86","#FFFACD","3","3","0.001",""
"87","#F4D18B","3","3","0.001",""
"88","#B3D1E2","3","3","0.001",""
"89","#C0C0C0","3","3","0.001",""
"90","#3A3017","2","2.53","0","background-color(2), color(2)"
"91","#111111","2","2.4","0",""
"92","#FFE81F","2","2.4","0",""
"93","#CCE0EC","2","2.3","0","background-color(2), color(2)"
"94","#79BAEC","2","2.3","0","background-color(2), color(2)"
"95","#F3602B","2","2.3","0","color(2)"
"96","#A1A1AA","2","2.3","0","color(2)"
"97","#1687C5","2","2.3","0","color(1)"
"98","#3898FF","2","2.3","0","color(2)"
"99","#0EA06F","2","2.3","0","color(2)"
"100","#C0392B","2","2.3","0","color(1)"
"101","#FFFF00","2","2.3","0","background-color(2), color(2)"
"102","#495668","2","2.3","0","color(2), border-color(1)"
"103","#72A130","2","2.3","0","color(2)"
"104","#FFCC33","2","2.26","0","color(1)"
"105","#E8E8E8","2","2.2","0",""
"106","#BAC8E0","2","2.2","0",""
"107","#E2A303","2","2.1","0",""
"108","#CC0066","2","2.1","0",""
"109","#336699","2","2","0",""
"110","#F1F1F1","2","2","0",""
"111","#4EA758","2","2","0",""
"112","#FFCC66","2","2","0",""
"113","#B7BCBF","2","2","0",""
"114","#A9A9A9","2","2","0",""
"115","#BABABA","2","2","0",""
"116","#EFEFEF","2","2","0",""
"117","#D3D3D3","2","2","0",""
"118","#CACACA","2","2","0",""
"119","#FF8000","2","2","0",""
"120","#708090","2","2","0",""
"121","#E0E0E0","2","2","0",""
"122","#E67E22","2","2","0",""
"123","#698C00","2","2","0",""
"124","#66CC33","2","2","0",""
"125","#CCFF99","2","2","0",""
"126","#F7A45D","2","2","0",""
"127","#C4C4C4","2","2","0",""
"128","#FCCCCC","2","2","0",""
"129","#FCF1DC","2","2","0",""
"130","#CFCFCF","1","1.26","0","color(1)"
"131","#777979","1","1.26","0","background-color(1), color(1)"
"132","#604747","1","1.26","0","background(1)"
"133","#D5D5D5","1","1.26","0","color(1)"
"134","#D0D0D0","1","1.26","0","background(1)"
"135","#9C9C9C","1","1.26","0","background-color(1), color(1)"
"136","#1D1D1D","1","1.26","0","background(1)"
"137","#E8E4E4","1","1.26","0","color(1)"
"138","#F8951D","1","1.26","0","color(1)"
"139","#EB7F80","1","1.15","0","color(1)"
"140","#FFC800","1","1.15","0","background(1)"
"141","#0094FF","1","1.15","0","background(1)"
"142","#00BDF0","1","1.15","0","background-color(1), color(1)"
"143","#D07F80","1","1.15","0","color(1)"
"144","#ECF5FF","1","1.15","0","background(1)"
"145","#CCEDFF","1","1.15","0","background-color(1), color(1)"
"146","#0D67BB","1","1.15","0","color(1)"
"147","#FDFBFC","1","1.15","0","background-color(1), color(1)"
"148","#F7FAFC","1","1.1","0",""
"149","#C0CEE5","1","1.1","0",""
"150","#FFDB8B","1","1","0",""
"151","#3D3D3D","1","1","0",""
"152","#FFFBF0","1","1","0",""
"153","#C2DAE6","1","1","0",""
"154","#E6EEEE","1","1","0",""
"155","#FFD700","1","1","0",""
"156","#CC9933","1","1","0",""
"157","#ADFF2F","1","1","0",""
"158","#7C0A02","1","1","0",""
"159","#E04428","1","1","0",""
"160","#008000","1","1","0",""
"161","#0099CC","1","1","0",""
"162","#56A5EC","1","1","0",""
"163","#EBF5FF","1","1","0",""
"164","#D9D9D9","1","1","0",""
"165","#FFA500","1","1","0",""
"166","#3EA055","1","1","0",""
"167","#F9FCFD","1","1","0",""
"168","#0000CC","1","1","0",""
"169","#DEDEDE","1","1","0",""
"170","#FF00DC","1","1","0",""
"171","#80B2CE","1","1","0",""
"172","#B6FF00","1","1","0",""
"173","#B8860B","1","1","0",""
"174","#C5E3BF","1","1","0",""
"175","#328701","1","1","0",""
"176","#C2DFFF","1","1","0",""
"177","#FE4EE8","1","1","0",""
"178","#2F2F2F","1","1","0",""
"179","#FFB6C1","1","1","0",""
"180","#E1E1E1","1","1","0",""
"181","#87CEEB","1","1","0",""
"182","#0B7500","1","1","0",""
"183","#E8A317","1","1","0",""
"184","#0669AB","1","1","0",""
"185","#00FF00","1","1","0",""
"186","#FBE7E7","1","1","0",""
"187","#C5E1F1","1","1","0",""
"188","#C6C6C6","1","1","0",""
"189","#157DEC","1","1","0",""
"190","#BCD516","1","1","0",""
"191","#488AC7","1","1","0",""
"192","#FF8C00","1","1","0",""
"193","#F0D1BF","1","1","0",""
"194","#FB0343","1","1","0",""
"195","#FBA617","1","1","0",""
"196","#DAA520","1","1","0",""
"197","#888888","1","1","0",""
"198","#1A01CC","1","1","0",""
"199","#1185C1","1","1","0",""
"200","#9EC4D7","1","1","0",""
"201","#4186AD","1","1","0",""
"202","#FAFAD2","1","1","0",""
"203","#A8A8A8","1","1","0",""
"204","#BCE8F1","0","0","0",""
"205","#FDFDFD","0","0","0",""
"206","#FAEBE6","0","0","0",""
"207","#ECECEC","0","0","0",""
"208","#979595","0","0","0",""
"209","#212529","0","0","0",""
"210","#B3CEFF","0","0","0",""
"211","#8FDF82","0","0","0",""
"212","#BFBFBF","0","0","0",""
"213","#1E1EE1","0","0","0",""
"214","#F7FFDE","0","0","0",""
"215","#FFDEB3","0","0","0",""
"216","#353D48","0","0","0",""
"217","#CCCCFF","0","0","0",""
"218","#F2F2F2","0","0","0",""
"219","#D7D7D7","0","0","0",""
"220","#EAF1F7","0","0","0",""
"221","#BDBDBD","0","0","0",""
"222","#FCF8E3","0","0","0",""
"223","#F3EFF4","0","0","0",""
"224","#E6E6E6","0","0","0",""
"225","#FAFAE8","0","0","0",""
"226","#CCFFCC","0","0","0",""
"227","#777777","0","0","0",""
"228","#F0F7E2","0","0","0",""
